name;k_on;k_off;coord_group;k_syn;k_d;tran_type
a_1_S_C_1;0.0333;0.0333;1.0;1.0;0.0116;S
a_2_S_C_1;0.0333;0.0333;2.0;1.0;0.0023;S
a_3_S_C_1;0.0333;0.0333;2.0;1.0;0.0116;S
a_4_S_C_1;0.0333;0.0333;3.0;0.1;0.0039;S
a_5_S_C_1;0.0333;0.0333;3.0;1.0;0.0039;S
a_6_S_C_1;0.0333;0.0333;3.0;1.0;0.0116;S
a_7_S_C_1;0.0333;0.0333;3.0;1.0;0.0029;S
a_8_S_C_1;0.0333;0.0333;4.0;1.0;0.0116;S
a_9_S_C_1;0.0333;0.0333;4.0;1.0;0.0023;S
a_10_S_C_1;0.0333;0.0333;4.0;1.0;0.0029;S
a_11_S_C_1;0.0333;0.0333;4.0;1.0;0.0058;S
a_12_S_C_1;0.0333;0.0333;4.0;0.1;0.0039;S
a_13_S_C_1;0.0333;0.0333;4.0;1.0;0.0058;S
a_14_S_C_1;0.0333;0.0333;4.0;0.1;0.0029;S
a_15_S_C_1;0.0333;0.0333;4.0;0.1;0.0058;S
a_16_S_C_1;0.0333;0.0333;5.0;1.0;0.0039;S
a_17_S_C_1;0.0333;0.0333;5.0;1.0;0.0116;S
a_18_S_C_1;0.0333;0.0333;5.0;1.0;0.0023;S
a_19_S_C_1;0.0333;0.0333;5.0;0.1;0.0039;S
a_20_S_C_1;0.0333;0.0333;5.0;1.0;0.0058;S
a_21_S_C_1;0.0333;0.0333;5.0;0.1;0.0058;S
a_22_S_C_1;0.0333;0.0333;5.0;0.1;0.0058;S
a_23_S_C_1;0.0333;0.0333;5.0;0.1;0.0039;S
a_24_S_C_1;0.0333;0.0333;5.0;0.1;0.0023;S
a_25_S_C_1;0.0333;0.0333;5.0;1.0;0.0039;S
a_26_S_C_1;0.0333;0.0333;5.0;1.0;0.0023;S
a_27_S_C_1;0.0333;0.0333;5.0;0.1;0.0058;S
a_28_S_C_1;0.0333;0.0333;5.0;0.1;0.0023;S
a_29_S_C_1;0.0333;0.0333;5.0;0.1;0.0039;S
a_30_S_C_1;0.0333;0.0333;5.0;0.1;0.0058;S
a_31_S_C_1;0.0333;0.0333;5.0;0.1;0.0116;S
a_32_S_C_1;0.0333;0.0333;5.0;0.1;0.0023;S
a_33_S_C_1;0.0333;0.0333;5.0;1.0;0.0023;S
a_34_S_C_1;0.0333;0.0333;5.0;0.1;0.0029;S
a_35_S_C_1;0.0333;0.0333;5.0;0.1;0.0058;S
a_36_S_C_1;0.0333;0.0333;5.0;0.1;0.0058;S
a_37_S_C_1;0.0333;0.0333;5.0;1.0;0.0116;S
a_38_S_C_1;0.0333;0.0333;5.0;0.1;0.0116;S
a_39_S_C_1;0.0333;0.0333;5.0;1.0;0.0058;S
a_40_S_C_1;0.0333;0.0333;5.0;0.1;0.0116;S
a_41_S_C_1;0.0333;0.0333;5.0;0.1;0.0058;S
a_42_S_C_1;0.0333;0.0333;5.0;1.0;0.0039;S
a_43_S_C_1;0.0333;0.0333;5.0;0.1;0.0039;S
a_44_S_C_1;0.0333;0.0333;5.0;0.1;0.0058;S
a_45_S_C_1;0.0333;0.0333;5.0;0.1;0.0058;S
a_46_S_C_1;0.0333;0.0333;5.0;1.0;0.0029;S
a_47_S_C_1;0.0333;0.0333;5.0;1.0;0.0116;S
a_48_S_NC_1;0.0333;0.0333;;1.0;0.0058;S
a_49_S_NC_1;0.0333;0.0333;;0.1;0.0116;S
a_50_S_NC_1;0.0333;0.0333;;1.0;0.0116;S
a_51_S_NC_1;0.0333;0.0333;;0.1;0.0023;S
a_52_S_NC_1;0.0333;0.0333;;0.1;0.0023;S
a_53_S_NC_1;0.0333;0.0333;;1.0;0.0116;S
a_54_S_NC_1;0.0333;0.0333;;0.1;0.0116;S
a_55_S_NC_1;0.0333;0.0333;;0.1;0.0116;S
a_56_S_NC_1;0.0333;0.0333;;0.1;0.0039;S
a_57_S_NC_1;0.0333;0.0333;;1.0;0.0116;S
a_58_S_NC_1;0.0333;0.0333;;0.1;0.0029;S
a_59_S_NC_1;0.0333;0.0333;;1.0;0.0023;S
a_60_S_NC_1;0.0333;0.0333;;0.1;0.0023;S
a_61_S_NC_1;0.0333;0.0333;;1.0;0.0023;S
a_62_S_NC_1;0.0333;0.0333;;1.0;0.0058;S
a_63_S_NC_1;0.0333;0.0333;;0.1;0.0058;S
a_64_S_NC_1;0.0333;0.0333;;0.1;0.0023;S
a_65_S_NC_1;0.0333;0.0333;;1.0;0.0039;S
a_66_S_NC_1;0.0333;0.0333;;0.1;0.0039;S
a_67_S_NC_1;0.0333;0.0333;;0.1;0.0116;S
a_68_S_NC_1;0.0333;0.0333;;0.1;0.0023;S
a_69_S_NC_1;0.0333;0.0333;;0.1;0.0116;S
a_70_S_NC_1;0.0333;0.0333;;0.1;0.0116;S
a_71_S_NC_1;0.0333;0.0333;;1.0;0.0029;S
a_72_S_NC_1;0.0333;0.0333;;1.0;0.0029;S
a_73_S_NC_1;0.0333;0.0333;;1.0;0.0023;S
a_74_S_NC_1;0.0333;0.0333;;1.0;0.0029;S
a_75_S_NC_1;0.0333;0.0333;;1.0;0.0058;S
a_76_S_NC_1;0.0333;0.0333;;0.1;0.0023;S
a_77_S_NC_1;0.0333;0.0333;;0.1;0.0058;S
a_78_S_NC_1;0.0333;0.0333;;1.0;0.0058;S
a_79_S_NC_1;0.0333;0.0333;;0.1;0.0023;S
a_80_S_NC_1;0.0333;0.0333;;1.0;0.0058;S
a_81_S_NC_1;0.0333;0.0333;;1.0;0.0023;S
a_82_S_NC_1;0.0333;0.0333;;0.1;0.0058;S
a_83_S_NC_1;0.0333;0.0333;;0.1;0.0029;S
a_84_S_NC_1;0.0333;0.0333;;1.0;0.0029;S
a_85_S_NC_1;0.0333;0.0333;;0.1;0.0116;S
a_86_S_NC_1;0.0333;0.0333;;1.0;0.0039;S
a_87_S_NC_1;0.0333;0.0333;;1.0;0.0116;S
a_88_S_NC_1;0.0333;0.0333;;0.1;0.0058;S
a_89_S_NC_1;0.0333;0.0333;;1.0;0.0029;S
a_90_S_NC_1;0.0333;0.0333;;0.1;0.0116;S
a_91_S_NC_1;0.0333;0.0333;;1.0;0.0039;S
a_92_S_NC_1;0.0333;0.0333;;0.1;0.0039;S
a_93_S_NC_1;0.0333;0.0333;;1.0;0.0058;S
a_94_S_NC_1;0.0333;0.0333;;0.1;0.0116;S
a_95_F_C_1;0.0333;0.0333;6.0;1.0;0.0116;F
a_96_F_C_1;0.0333;0.0333;7.0;1.0;0.0039;F
a_97_F_C_1;0.0333;0.0333;7.0;0.1;0.0039;F
a_98_F_C_1;0.0333;0.0333;8.0;0.1;0.0029;F
a_99_F_C_1;0.0333;0.0333;8.0;1.0;0.0029;F
a_100_F_C_1;0.0333;0.0333;8.0;0.1;0.0023;F
a_101_F_C_1;0.0333;0.0333;8.0;0.1;0.0116;F
a_102_F_C_1;0.0333;0.0333;9.0;0.1;0.0058;F
a_103_F_C_1;0.0333;0.0333;9.0;0.1;0.0029;F
a_104_F_C_1;0.0333;0.0333;9.0;1.0;0.0029;F
a_105_F_C_1;0.0333;0.0333;9.0;1.0;0.0029;F
a_106_F_C_1;0.0333;0.0333;9.0;0.1;0.0023;F
a_107_F_C_1;0.0333;0.0333;9.0;0.1;0.0039;F
a_108_F_C_1;0.0333;0.0333;9.0;1.0;0.0023;F
a_109_F_C_1;0.0333;0.0333;9.0;1.0;0.0116;F
a_110_F_C_1;0.0333;0.0333;10.0;0.1;0.0029;F
a_111_F_C_1;0.0333;0.0333;10.0;1.0;0.0023;F
a_112_F_C_1;0.0333;0.0333;10.0;0.1;0.0058;F
a_113_F_C_1;0.0333;0.0333;10.0;1.0;0.0023;F
a_114_F_C_1;0.0333;0.0333;10.0;1.0;0.0029;F
a_115_F_C_1;0.0333;0.0333;10.0;1.0;0.0058;F
a_116_F_C_1;0.0333;0.0333;10.0;1.0;0.0029;F
a_117_F_C_1;0.0333;0.0333;10.0;0.1;0.0023;F
a_118_F_C_1;0.0333;0.0333;10.0;1.0;0.0039;F
a_119_F_C_1;0.0333;0.0333;10.0;1.0;0.0023;F
a_120_F_C_1;0.0333;0.0333;10.0;1.0;0.0039;F
a_121_F_C_1;0.0333;0.0333;10.0;0.1;0.0039;F
a_122_F_C_1;0.0333;0.0333;10.0;1.0;0.0116;F
a_123_F_C_1;0.0333;0.0333;10.0;0.1;0.0116;F
a_124_F_C_1;0.0333;0.0333;10.0;1.0;0.0023;F
a_125_F_C_1;0.0333;0.0333;10.0;1.0;0.0058;F
a_126_F_C_1;0.0333;0.0333;10.0;0.1;0.0039;F
a_127_F_C_1;0.0333;0.0333;10.0;1.0;0.0029;F
a_128_F_C_1;0.0333;0.0333;10.0;0.1;0.0029;F
a_129_F_C_1;0.0333;0.0333;10.0;0.1;0.0116;F
a_130_F_C_1;0.0333;0.0333;10.0;1.0;0.0058;F
a_131_F_C_1;0.0333;0.0333;10.0;0.1;0.0039;F
a_132_F_C_1;0.0333;0.0333;10.0;0.1;0.0029;F
a_133_F_C_1;0.0333;0.0333;10.0;1.0;0.0116;F
a_134_F_C_1;0.0333;0.0333;10.0;0.1;0.0058;F
a_135_F_C_1;0.0333;0.0333;10.0;1.0;0.0039;F
a_136_F_C_1;0.0333;0.0333;10.0;0.1;0.0039;F
a_137_F_C_1;0.0333;0.0333;10.0;0.1;0.0029;F
a_138_F_C_1;0.0333;0.0333;10.0;1.0;0.0029;F
a_139_F_C_1;0.0333;0.0333;10.0;1.0;0.0029;F
a_140_F_C_1;0.0333;0.0333;10.0;0.1;0.0058;F
a_141_F_C_1;0.0333;0.0333;10.0;1.0;0.0116;F
a_142_F_NC_1;0.0333;0.0333;;1.0;0.0058;F
a_143_F_NC_1;0.0333;0.0333;;1.0;0.0023;F
a_144_F_NC_1;0.0333;0.0333;;1.0;0.0039;F
a_145_F_NC_1;0.0333;0.0333;;1.0;0.0029;F
a_146_F_NC_1;0.0333;0.0333;;0.1;0.0029;F
a_147_F_NC_1;0.0333;0.0333;;1.0;0.0023;F
a_148_F_NC_1;0.0333;0.0333;;0.1;0.0023;F
a_149_F_NC_1;0.0333;0.0333;;0.1;0.0058;F
a_150_F_NC_1;0.0333;0.0333;;0.1;0.0023;F
a_151_F_NC_1;0.0333;0.0333;;1.0;0.0058;F
a_152_F_NC_1;0.0333;0.0333;;1.0;0.0023;F
a_153_F_NC_1;0.0333;0.0333;;0.1;0.0023;F
a_154_F_NC_1;0.0333;0.0333;;0.1;0.0116;F
a_155_F_NC_1;0.0333;0.0333;;1.0;0.0039;F
a_156_F_NC_1;0.0333;0.0333;;0.1;0.0029;F
a_157_F_NC_1;0.0333;0.0333;;0.1;0.0058;F
a_158_F_NC_1;0.0333;0.0333;;0.1;0.0023;F
a_159_F_NC_1;0.0333;0.0333;;1.0;0.0029;F
a_160_F_NC_1;0.0333;0.0333;;1.0;0.0023;F
a_161_F_NC_1;0.0333;0.0333;;0.1;0.0029;F
a_162_F_NC_1;0.0333;0.0333;;0.1;0.0023;F
a_163_F_NC_1;0.0333;0.0333;;0.1;0.0116;F
a_164_F_NC_1;0.0333;0.0333;;1.0;0.0029;F
a_165_F_NC_1;0.0333;0.0333;;1.0;0.0039;F
a_166_F_NC_1;0.0333;0.0333;;0.1;0.0116;F
a_167_F_NC_1;0.0333;0.0333;;1.0;0.0023;F
a_168_F_NC_1;0.0333;0.0333;;0.1;0.0023;F
a_169_F_NC_1;0.0333;0.0333;;0.1;0.0023;F
a_170_F_NC_1;0.0333;0.0333;;0.1;0.0116;F
a_171_F_NC_1;0.0333;0.0333;;0.1;0.0039;F
a_172_F_NC_1;0.0333;0.0333;;0.1;0.0039;F
a_173_F_NC_1;0.0333;0.0333;;0.1;0.0029;F
a_174_F_NC_1;0.0333;0.0333;;1.0;0.0029;F
a_175_F_NC_1;0.0333;0.0333;;0.1;0.0023;F
a_176_F_NC_1;0.0333;0.0333;;1.0;0.0039;F
a_177_F_NC_1;0.0333;0.0333;;1.0;0.0039;F
a_178_F_NC_1;0.0333;0.0333;;1.0;0.0039;F
a_179_F_NC_1;0.0333;0.0333;;1.0;0.0029;F
a_180_F_NC_1;0.0333;0.0333;;0.1;0.0029;F
a_181_F_NC_1;0.0333;0.0333;;0.1;0.0023;F
a_182_F_NC_1;0.0333;0.0333;;1.0;0.0116;F
a_183_F_NC_1;0.0333;0.0333;;0.1;0.0116;F
a_184_F_NC_1;0.0333;0.0333;;0.1;0.0039;F
a_185_F_NC_1;0.0333;0.0333;;0.1;0.0023;F
a_186_F_NC_1;0.0333;0.0333;;1.0;0.0023;F
a_187_F_NC_1;0.0333;0.0333;;0.1;0.0058;F
a_188_F_NC_1;0.0333;0.0333;;0.1;0.0023;F
a_189_S_C_2;0.0167;0.0167;11.0;0.1;0.0116;S
a_190_S_C_2;0.0167;0.0167;12.0;1.0;0.0039;S
a_191_S_C_2;0.0167;0.0167;12.0;0.1;0.0029;S
a_192_S_C_2;0.0167;0.0167;13.0;1.0;0.0029;S
a_193_S_C_2;0.0167;0.0167;13.0;1.0;0.0039;S
a_194_S_C_2;0.0167;0.0167;13.0;0.1;0.0023;S
a_195_S_C_2;0.0167;0.0167;13.0;1.0;0.0023;S
a_196_S_C_2;0.0167;0.0167;14.0;1.0;0.0116;S
a_197_S_C_2;0.0167;0.0167;14.0;1.0;0.0039;S
a_198_S_C_2;0.0167;0.0167;14.0;1.0;0.0116;S
a_199_S_C_2;0.0167;0.0167;14.0;0.1;0.0023;S
a_200_S_C_2;0.0167;0.0167;14.0;1.0;0.0023;S
a_201_S_C_2;0.0167;0.0167;14.0;1.0;0.0029;S
a_202_S_C_2;0.0167;0.0167;14.0;1.0;0.0039;S
a_203_S_C_2;0.0167;0.0167;14.0;0.1;0.0039;S
a_204_S_C_2;0.0167;0.0167;15.0;1.0;0.0023;S
a_205_S_C_2;0.0167;0.0167;15.0;0.1;0.0029;S
a_206_S_C_2;0.0167;0.0167;15.0;0.1;0.0039;S
a_207_S_C_2;0.0167;0.0167;15.0;0.1;0.0029;S
a_208_S_C_2;0.0167;0.0167;15.0;0.1;0.0058;S
a_209_S_C_2;0.0167;0.0167;15.0;1.0;0.0039;S
a_210_S_C_2;0.0167;0.0167;15.0;1.0;0.0023;S
a_211_S_C_2;0.0167;0.0167;15.0;0.1;0.0029;S
a_212_S_C_2;0.0167;0.0167;15.0;1.0;0.0058;S
a_213_S_C_2;0.0167;0.0167;15.0;0.1;0.0039;S
a_214_S_C_2;0.0167;0.0167;15.0;1.0;0.0058;S
a_215_S_C_2;0.0167;0.0167;15.0;0.1;0.0116;S
a_216_S_C_2;0.0167;0.0167;15.0;1.0;0.0039;S
a_217_S_C_2;0.0167;0.0167;15.0;1.0;0.0023;S
a_218_S_C_2;0.0167;0.0167;15.0;1.0;0.0058;S
a_219_S_C_2;0.0167;0.0167;15.0;1.0;0.0023;S
a_220_S_C_2;0.0167;0.0167;15.0;1.0;0.0023;S
a_221_S_C_2;0.0167;0.0167;15.0;1.0;0.0023;S
a_222_S_C_2;0.0167;0.0167;15.0;0.1;0.0039;S
a_223_S_C_2;0.0167;0.0167;15.0;0.1;0.0116;S
a_224_S_C_2;0.0167;0.0167;15.0;0.1;0.0039;S
a_225_S_C_2;0.0167;0.0167;15.0;1.0;0.0116;S
a_226_S_C_2;0.0167;0.0167;15.0;0.1;0.0023;S
a_227_S_C_2;0.0167;0.0167;15.0;1.0;0.0116;S
a_228_S_C_2;0.0167;0.0167;15.0;0.1;0.0058;S
a_229_S_C_2;0.0167;0.0167;15.0;1.0;0.0116;S
a_230_S_C_2;0.0167;0.0167;15.0;0.1;0.0029;S
a_231_S_C_2;0.0167;0.0167;15.0;1.0;0.0023;S
a_232_S_C_2;0.0167;0.0167;15.0;0.1;0.0058;S
a_233_S_C_2;0.0167;0.0167;15.0;0.1;0.0058;S
a_234_S_C_2;0.0167;0.0167;15.0;0.1;0.0029;S
a_235_S_C_2;0.0167;0.0167;15.0;0.1;0.0029;S
a_236_S_NC_2;0.0167;0.0167;;0.1;0.0023;S
a_237_S_NC_2;0.0167;0.0167;;1.0;0.0116;S
a_238_S_NC_2;0.0167;0.0167;;0.1;0.0058;S
a_239_S_NC_2;0.0167;0.0167;;0.1;0.0029;S
a_240_S_NC_2;0.0167;0.0167;;0.1;0.0029;S
a_241_S_NC_2;0.0167;0.0167;;1.0;0.0039;S
a_242_S_NC_2;0.0167;0.0167;;0.1;0.0039;S
a_243_S_NC_2;0.0167;0.0167;;0.1;0.0039;S
a_244_S_NC_2;0.0167;0.0167;;0.1;0.0116;S
a_245_S_NC_2;0.0167;0.0167;;0.1;0.0029;S
a_246_S_NC_2;0.0167;0.0167;;1.0;0.0058;S
a_247_S_NC_2;0.0167;0.0167;;0.1;0.0058;S
a_248_S_NC_2;0.0167;0.0167;;1.0;0.0058;S
a_249_S_NC_2;0.0167;0.0167;;0.1;0.0116;S
a_250_S_NC_2;0.0167;0.0167;;0.1;0.0039;S
a_251_S_NC_2;0.0167;0.0167;;1.0;0.0116;S
a_252_S_NC_2;0.0167;0.0167;;0.1;0.0023;S
a_253_S_NC_2;0.0167;0.0167;;0.1;0.0023;S
a_254_S_NC_2;0.0167;0.0167;;0.1;0.0058;S
a_255_S_NC_2;0.0167;0.0167;;0.1;0.0058;S
a_256_S_NC_2;0.0167;0.0167;;0.1;0.0058;S
a_257_S_NC_2;0.0167;0.0167;;0.1;0.0058;S
a_258_S_NC_2;0.0167;0.0167;;0.1;0.0039;S
a_259_S_NC_2;0.0167;0.0167;;0.1;0.0058;S
a_260_S_NC_2;0.0167;0.0167;;0.1;0.0039;S
a_261_S_NC_2;0.0167;0.0167;;1.0;0.0058;S
a_262_S_NC_2;0.0167;0.0167;;1.0;0.0023;S
a_263_S_NC_2;0.0167;0.0167;;0.1;0.0039;S
a_264_S_NC_2;0.0167;0.0167;;1.0;0.0039;S
a_265_S_NC_2;0.0167;0.0167;;0.1;0.0023;S
a_266_S_NC_2;0.0167;0.0167;;0.1;0.0029;S
a_267_S_NC_2;0.0167;0.0167;;1.0;0.0023;S
a_268_S_NC_2;0.0167;0.0167;;1.0;0.0039;S
a_269_S_NC_2;0.0167;0.0167;;1.0;0.0058;S
a_270_S_NC_2;0.0167;0.0167;;0.1;0.0029;S
a_271_S_NC_2;0.0167;0.0167;;1.0;0.0029;S
a_272_S_NC_2;0.0167;0.0167;;1.0;0.0058;S
a_273_S_NC_2;0.0167;0.0167;;1.0;0.0039;S
a_274_S_NC_2;0.0167;0.0167;;0.1;0.0039;S
a_275_S_NC_2;0.0167;0.0167;;0.1;0.0029;S
a_276_S_NC_2;0.0167;0.0167;;0.1;0.0116;S
a_277_S_NC_2;0.0167;0.0167;;0.1;0.0058;S
a_278_S_NC_2;0.0167;0.0167;;0.1;0.0058;S
a_279_S_NC_2;0.0167;0.0167;;1.0;0.0023;S
a_280_S_NC_2;0.0167;0.0167;;0.1;0.0058;S
a_281_S_NC_2;0.0167;0.0167;;1.0;0.0023;S
a_282_S_NC_2;0.0167;0.0167;;1.0;0.0039;S
a_283_F_C_2;0.0167;0.0167;16.0;0.1;0.0023;F
a_284_F_C_2;0.0167;0.0167;17.0;0.1;0.0116;F
a_285_F_C_2;0.0167;0.0167;17.0;0.1;0.0029;F
a_286_F_C_2;0.0167;0.0167;18.0;1.0;0.0058;F
a_287_F_C_2;0.0167;0.0167;18.0;0.1;0.0039;F
a_288_F_C_2;0.0167;0.0167;18.0;1.0;0.0029;F
a_289_F_C_2;0.0167;0.0167;18.0;1.0;0.0116;F
a_290_F_C_2;0.0167;0.0167;19.0;0.1;0.0039;F
a_291_F_C_2;0.0167;0.0167;19.0;1.0;0.0023;F
a_292_F_C_2;0.0167;0.0167;19.0;1.0;0.0023;F
a_293_F_C_2;0.0167;0.0167;19.0;0.1;0.0058;F
a_294_F_C_2;0.0167;0.0167;19.0;0.1;0.0058;F
a_295_F_C_2;0.0167;0.0167;19.0;0.1;0.0029;F
a_296_F_C_2;0.0167;0.0167;19.0;1.0;0.0023;F
a_297_F_C_2;0.0167;0.0167;19.0;1.0;0.0116;F
a_298_F_C_2;0.0167;0.0167;20.0;0.1;0.0029;F
a_299_F_C_2;0.0167;0.0167;20.0;1.0;0.0116;F
a_300_F_C_2;0.0167;0.0167;20.0;1.0;0.0116;F
a_301_F_C_2;0.0167;0.0167;20.0;1.0;0.0023;F
a_302_F_C_2;0.0167;0.0167;20.0;1.0;0.0116;F
a_303_F_C_2;0.0167;0.0167;20.0;0.1;0.0029;F
a_304_F_C_2;0.0167;0.0167;20.0;0.1;0.0039;F
a_305_F_C_2;0.0167;0.0167;20.0;1.0;0.0116;F
a_306_F_C_2;0.0167;0.0167;20.0;0.1;0.0058;F
a_307_F_C_2;0.0167;0.0167;20.0;1.0;0.0023;F
a_308_F_C_2;0.0167;0.0167;20.0;1.0;0.0023;F
a_309_F_C_2;0.0167;0.0167;20.0;1.0;0.0029;F
a_310_F_C_2;0.0167;0.0167;20.0;0.1;0.0039;F
a_311_F_C_2;0.0167;0.0167;20.0;1.0;0.0058;F
a_312_F_C_2;0.0167;0.0167;20.0;1.0;0.0029;F
a_313_F_C_2;0.0167;0.0167;20.0;0.1;0.0029;F
a_314_F_C_2;0.0167;0.0167;20.0;1.0;0.0058;F
a_315_F_C_2;0.0167;0.0167;20.0;0.1;0.0039;F
a_316_F_C_2;0.0167;0.0167;20.0;1.0;0.0058;F
a_317_F_C_2;0.0167;0.0167;20.0;0.1;0.0116;F
a_318_F_C_2;0.0167;0.0167;20.0;0.1;0.0023;F
a_319_F_C_2;0.0167;0.0167;20.0;0.1;0.0039;F
a_320_F_C_2;0.0167;0.0167;20.0;0.1;0.0029;F
a_321_F_C_2;0.0167;0.0167;20.0;0.1;0.0058;F
a_322_F_C_2;0.0167;0.0167;20.0;1.0;0.0023;F
a_323_F_C_2;0.0167;0.0167;20.0;1.0;0.0023;F
a_324_F_C_2;0.0167;0.0167;20.0;0.1;0.0058;F
a_325_F_C_2;0.0167;0.0167;20.0;1.0;0.0023;F
a_326_F_C_2;0.0167;0.0167;20.0;0.1;0.0039;F
a_327_F_C_2;0.0167;0.0167;20.0;0.1;0.0023;F
a_328_F_C_2;0.0167;0.0167;20.0;0.1;0.0116;F
a_329_F_C_2;0.0167;0.0167;20.0;1.0;0.0029;F
a_330_F_NC_2;0.0167;0.0167;;1.0;0.0039;F
a_331_F_NC_2;0.0167;0.0167;;0.1;0.0058;F
a_332_F_NC_2;0.0167;0.0167;;0.1;0.0029;F
a_333_F_NC_2;0.0167;0.0167;;0.1;0.0116;F
a_334_F_NC_2;0.0167;0.0167;;1.0;0.0029;F
a_335_F_NC_2;0.0167;0.0167;;0.1;0.0023;F
a_336_F_NC_2;0.0167;0.0167;;0.1;0.0116;F
a_337_F_NC_2;0.0167;0.0167;;1.0;0.0029;F
a_338_F_NC_2;0.0167;0.0167;;0.1;0.0029;F
a_339_F_NC_2;0.0167;0.0167;;1.0;0.0116;F
a_340_F_NC_2;0.0167;0.0167;;0.1;0.0116;F
a_341_F_NC_2;0.0167;0.0167;;0.1;0.0058;F
a_342_F_NC_2;0.0167;0.0167;;0.1;0.0023;F
a_343_F_NC_2;0.0167;0.0167;;1.0;0.0023;F
a_344_F_NC_2;0.0167;0.0167;;1.0;0.0058;F
a_345_F_NC_2;0.0167;0.0167;;0.1;0.0023;F
a_346_F_NC_2;0.0167;0.0167;;0.1;0.0116;F
a_347_F_NC_2;0.0167;0.0167;;0.1;0.0058;F
a_348_F_NC_2;0.0167;0.0167;;0.1;0.0039;F
a_349_F_NC_2;0.0167;0.0167;;0.1;0.0039;F
a_350_F_NC_2;0.0167;0.0167;;0.1;0.0058;F
a_351_F_NC_2;0.0167;0.0167;;0.1;0.0023;F
a_352_F_NC_2;0.0167;0.0167;;1.0;0.0058;F
a_353_F_NC_2;0.0167;0.0167;;0.1;0.0058;F
a_354_F_NC_2;0.0167;0.0167;;0.1;0.0116;F
a_355_F_NC_2;0.0167;0.0167;;1.0;0.0116;F
a_356_F_NC_2;0.0167;0.0167;;0.1;0.0116;F
a_357_F_NC_2;0.0167;0.0167;;1.0;0.0023;F
a_358_F_NC_2;0.0167;0.0167;;1.0;0.0116;F
a_359_F_NC_2;0.0167;0.0167;;1.0;0.0029;F
a_360_F_NC_2;0.0167;0.0167;;1.0;0.0116;F
a_361_F_NC_2;0.0167;0.0167;;1.0;0.0029;F
a_362_F_NC_2;0.0167;0.0167;;1.0;0.0029;F
a_363_F_NC_2;0.0167;0.0167;;1.0;0.0029;F
a_364_F_NC_2;0.0167;0.0167;;0.1;0.0058;F
a_365_F_NC_2;0.0167;0.0167;;0.1;0.0023;F
a_366_F_NC_2;0.0167;0.0167;;1.0;0.0023;F
a_367_F_NC_2;0.0167;0.0167;;1.0;0.0023;F
a_368_F_NC_2;0.0167;0.0167;;1.0;0.0116;F
a_369_F_NC_2;0.0167;0.0167;;1.0;0.0029;F
a_370_F_NC_2;0.0167;0.0167;;1.0;0.0058;F
a_371_F_NC_2;0.0167;0.0167;;1.0;0.0116;F
a_372_F_NC_2;0.0167;0.0167;;0.1;0.0058;F
a_373_F_NC_2;0.0167;0.0167;;0.1;0.0023;F
a_374_F_NC_2;0.0167;0.0167;;0.1;0.0058;F
a_375_F_NC_2;0.0167;0.0167;;0.1;0.0058;F
a_376_F_NC_2;0.0167;0.0167;;0.1;0.0116;F
a_377_S_C_3;0.0111;0.0111;21.0;0.1;0.0058;S
a_378_S_C_3;0.0111;0.0111;22.0;0.1;0.0116;S
a_379_S_C_3;0.0111;0.0111;22.0;1.0;0.0029;S
a_380_S_C_3;0.0111;0.0111;23.0;1.0;0.0116;S
a_381_S_C_3;0.0111;0.0111;23.0;0.1;0.0029;S
a_382_S_C_3;0.0111;0.0111;23.0;1.0;0.0116;S
a_383_S_C_3;0.0111;0.0111;23.0;1.0;0.0029;S
a_384_S_C_3;0.0111;0.0111;24.0;1.0;0.0029;S
a_385_S_C_3;0.0111;0.0111;24.0;0.1;0.0058;S
a_386_S_C_3;0.0111;0.0111;24.0;0.1;0.0058;S
a_387_S_C_3;0.0111;0.0111;24.0;1.0;0.0039;S
a_388_S_C_3;0.0111;0.0111;24.0;0.1;0.0023;S
a_389_S_C_3;0.0111;0.0111;24.0;0.1;0.0023;S
a_390_S_C_3;0.0111;0.0111;24.0;1.0;0.0023;S
a_391_S_C_3;0.0111;0.0111;24.0;1.0;0.0039;S
a_392_S_C_3;0.0111;0.0111;25.0;1.0;0.0039;S
a_393_S_C_3;0.0111;0.0111;25.0;1.0;0.0023;S
a_394_S_C_3;0.0111;0.0111;25.0;1.0;0.0116;S
a_395_S_C_3;0.0111;0.0111;25.0;1.0;0.0058;S
a_396_S_C_3;0.0111;0.0111;25.0;0.1;0.0058;S
a_397_S_C_3;0.0111;0.0111;25.0;1.0;0.0023;S
a_398_S_C_3;0.0111;0.0111;25.0;1.0;0.0029;S
a_399_S_C_3;0.0111;0.0111;25.0;0.1;0.0029;S
a_400_S_C_3;0.0111;0.0111;25.0;1.0;0.0029;S
a_401_S_C_3;0.0111;0.0111;25.0;0.1;0.0023;S
a_402_S_C_3;0.0111;0.0111;25.0;1.0;0.0116;S
a_403_S_C_3;0.0111;0.0111;25.0;1.0;0.0058;S
a_404_S_C_3;0.0111;0.0111;25.0;1.0;0.0023;S
a_405_S_C_3;0.0111;0.0111;25.0;0.1;0.0039;S
a_406_S_C_3;0.0111;0.0111;25.0;0.1;0.0039;S
a_407_S_C_3;0.0111;0.0111;25.0;0.1;0.0039;S
a_408_S_C_3;0.0111;0.0111;25.0;0.1;0.0023;S
a_409_S_C_3;0.0111;0.0111;25.0;0.1;0.0023;S
a_410_S_C_3;0.0111;0.0111;25.0;1.0;0.0058;S
a_411_S_C_3;0.0111;0.0111;25.0;1.0;0.0058;S
a_412_S_C_3;0.0111;0.0111;25.0;1.0;0.0029;S
a_413_S_C_3;0.0111;0.0111;25.0;1.0;0.0023;S
a_414_S_C_3;0.0111;0.0111;25.0;1.0;0.0029;S
a_415_S_C_3;0.0111;0.0111;25.0;0.1;0.0039;S
a_416_S_C_3;0.0111;0.0111;25.0;1.0;0.0039;S
a_417_S_C_3;0.0111;0.0111;25.0;0.1;0.0058;S
a_418_S_C_3;0.0111;0.0111;25.0;0.1;0.0039;S
a_419_S_C_3;0.0111;0.0111;25.0;1.0;0.0023;S
a_420_S_C_3;0.0111;0.0111;25.0;0.1;0.0023;S
a_421_S_C_3;0.0111;0.0111;25.0;1.0;0.0029;S
a_422_S_C_3;0.0111;0.0111;25.0;0.1;0.0039;S
a_423_S_C_3;0.0111;0.0111;25.0;1.0;0.0023;S
a_424_S_NC_3;0.0111;0.0111;;1.0;0.0039;S
a_425_S_NC_3;0.0111;0.0111;;1.0;0.0039;S
a_426_S_NC_3;0.0111;0.0111;;1.0;0.0029;S
a_427_S_NC_3;0.0111;0.0111;;0.1;0.0029;S
a_428_S_NC_3;0.0111;0.0111;;0.1;0.0029;S
a_429_S_NC_3;0.0111;0.0111;;0.1;0.0029;S
a_430_S_NC_3;0.0111;0.0111;;0.1;0.0039;S
a_431_S_NC_3;0.0111;0.0111;;1.0;0.0116;S
a_432_S_NC_3;0.0111;0.0111;;0.1;0.0023;S
a_433_S_NC_3;0.0111;0.0111;;0.1;0.0039;S
a_434_S_NC_3;0.0111;0.0111;;0.1;0.0023;S
a_435_S_NC_3;0.0111;0.0111;;1.0;0.0116;S
a_436_S_NC_3;0.0111;0.0111;;1.0;0.0039;S
a_437_S_NC_3;0.0111;0.0111;;0.1;0.0116;S
a_438_S_NC_3;0.0111;0.0111;;1.0;0.0116;S
a_439_S_NC_3;0.0111;0.0111;;0.1;0.0116;S
a_440_S_NC_3;0.0111;0.0111;;1.0;0.0116;S
a_441_S_NC_3;0.0111;0.0111;;0.1;0.0029;S
a_442_S_NC_3;0.0111;0.0111;;0.1;0.0039;S
a_443_S_NC_3;0.0111;0.0111;;0.1;0.0023;S
a_444_S_NC_3;0.0111;0.0111;;1.0;0.0029;S
a_445_S_NC_3;0.0111;0.0111;;1.0;0.0029;S
a_446_S_NC_3;0.0111;0.0111;;1.0;0.0023;S
a_447_S_NC_3;0.0111;0.0111;;1.0;0.0023;S
a_448_S_NC_3;0.0111;0.0111;;0.1;0.0116;S
a_449_S_NC_3;0.0111;0.0111;;0.1;0.0023;S
a_450_S_NC_3;0.0111;0.0111;;0.1;0.0116;S
a_451_S_NC_3;0.0111;0.0111;;0.1;0.0116;S
a_452_S_NC_3;0.0111;0.0111;;1.0;0.0023;S
a_453_S_NC_3;0.0111;0.0111;;0.1;0.0023;S
a_454_S_NC_3;0.0111;0.0111;;0.1;0.0058;S
a_455_S_NC_3;0.0111;0.0111;;1.0;0.0116;S
a_456_S_NC_3;0.0111;0.0111;;0.1;0.0039;S
a_457_S_NC_3;0.0111;0.0111;;1.0;0.0039;S
a_458_S_NC_3;0.0111;0.0111;;0.1;0.0023;S
a_459_S_NC_3;0.0111;0.0111;;1.0;0.0058;S
a_460_S_NC_3;0.0111;0.0111;;0.1;0.0058;S
a_461_S_NC_3;0.0111;0.0111;;0.1;0.0023;S
a_462_S_NC_3;0.0111;0.0111;;1.0;0.0023;S
a_463_S_NC_3;0.0111;0.0111;;0.1;0.0116;S
a_464_S_NC_3;0.0111;0.0111;;0.1;0.0058;S
a_465_S_NC_3;0.0111;0.0111;;0.1;0.0029;S
a_466_S_NC_3;0.0111;0.0111;;1.0;0.0058;S
a_467_S_NC_3;0.0111;0.0111;;1.0;0.0029;S
a_468_S_NC_3;0.0111;0.0111;;1.0;0.0116;S
a_469_S_NC_3;0.0111;0.0111;;0.1;0.0023;S
a_470_S_NC_3;0.0111;0.0111;;0.1;0.0058;S
a_471_F_C_3;0.0111;0.0111;26.0;1.0;0.0039;F
a_472_F_C_3;0.0111;0.0111;27.0;0.1;0.0039;F
a_473_F_C_3;0.0111;0.0111;27.0;1.0;0.0058;F
a_474_F_C_3;0.0111;0.0111;28.0;0.1;0.0116;F
a_475_F_C_3;0.0111;0.0111;28.0;1.0;0.0029;F
a_476_F_C_3;0.0111;0.0111;28.0;0.1;0.0116;F
a_477_F_C_3;0.0111;0.0111;28.0;0.1;0.0116;F
a_478_F_C_3;0.0111;0.0111;29.0;0.1;0.0058;F
a_479_F_C_3;0.0111;0.0111;29.0;0.1;0.0039;F
a_480_F_C_3;0.0111;0.0111;29.0;1.0;0.0116;F
a_481_F_C_3;0.0111;0.0111;29.0;0.1;0.0023;F
a_482_F_C_3;0.0111;0.0111;29.0;1.0;0.0058;F
a_483_F_C_3;0.0111;0.0111;29.0;0.1;0.0039;F
a_484_F_C_3;0.0111;0.0111;29.0;0.1;0.0029;F
a_485_F_C_3;0.0111;0.0111;29.0;1.0;0.0029;F
a_486_F_C_3;0.0111;0.0111;30.0;0.1;0.0023;F
a_487_F_C_3;0.0111;0.0111;30.0;1.0;0.0039;F
a_488_F_C_3;0.0111;0.0111;30.0;0.1;0.0039;F
a_489_F_C_3;0.0111;0.0111;30.0;0.1;0.0029;F
a_490_F_C_3;0.0111;0.0111;30.0;1.0;0.0039;F
a_491_F_C_3;0.0111;0.0111;30.0;1.0;0.0039;F
a_492_F_C_3;0.0111;0.0111;30.0;0.1;0.0039;F
a_493_F_C_3;0.0111;0.0111;30.0;0.1;0.0116;F
a_494_F_C_3;0.0111;0.0111;30.0;0.1;0.0058;F
a_495_F_C_3;0.0111;0.0111;30.0;0.1;0.0116;F
a_496_F_C_3;0.0111;0.0111;30.0;1.0;0.0058;F
a_497_F_C_3;0.0111;0.0111;30.0;0.1;0.0029;F
a_498_F_C_3;0.0111;0.0111;30.0;0.1;0.0023;F
a_499_F_C_3;0.0111;0.0111;30.0;1.0;0.0023;F
a_500_F_C_3;0.0111;0.0111;30.0;0.1;0.0058;F
a_501_F_C_3;0.0111;0.0111;30.0;0.1;0.0023;F
a_502_F_C_3;0.0111;0.0111;30.0;1.0;0.0116;F
a_503_F_C_3;0.0111;0.0111;30.0;0.1;0.0116;F
a_504_F_C_3;0.0111;0.0111;30.0;0.1;0.0116;F
a_505_F_C_3;0.0111;0.0111;30.0;1.0;0.0023;F
a_506_F_C_3;0.0111;0.0111;30.0;1.0;0.0039;F
a_507_F_C_3;0.0111;0.0111;30.0;0.1;0.0029;F
a_508_F_C_3;0.0111;0.0111;30.0;0.1;0.0039;F
a_509_F_C_3;0.0111;0.0111;30.0;1.0;0.0039;F
a_510_F_C_3;0.0111;0.0111;30.0;1.0;0.0058;F
a_511_F_C_3;0.0111;0.0111;30.0;1.0;0.0058;F
a_512_F_C_3;0.0111;0.0111;30.0;1.0;0.0039;F
a_513_F_C_3;0.0111;0.0111;30.0;1.0;0.0039;F
a_514_F_C_3;0.0111;0.0111;30.0;1.0;0.0039;F
a_515_F_C_3;0.0111;0.0111;30.0;0.1;0.0116;F
a_516_F_C_3;0.0111;0.0111;30.0;0.1;0.0023;F
a_517_F_C_3;0.0111;0.0111;30.0;1.0;0.0023;F
a_518_F_NC_3;0.0111;0.0111;;0.1;0.0058;F
a_519_F_NC_3;0.0111;0.0111;;0.1;0.0116;F
a_520_F_NC_3;0.0111;0.0111;;0.1;0.0058;F
a_521_F_NC_3;0.0111;0.0111;;0.1;0.0116;F
a_522_F_NC_3;0.0111;0.0111;;0.1;0.0039;F
a_523_F_NC_3;0.0111;0.0111;;1.0;0.0023;F
a_524_F_NC_3;0.0111;0.0111;;0.1;0.0029;F
a_525_F_NC_3;0.0111;0.0111;;1.0;0.0029;F
a_526_F_NC_3;0.0111;0.0111;;0.1;0.0058;F
a_527_F_NC_3;0.0111;0.0111;;1.0;0.0058;F
a_528_F_NC_3;0.0111;0.0111;;1.0;0.0116;F
a_529_F_NC_3;0.0111;0.0111;;1.0;0.0039;F
a_530_F_NC_3;0.0111;0.0111;;1.0;0.0029;F
a_531_F_NC_3;0.0111;0.0111;;0.1;0.0023;F
a_532_F_NC_3;0.0111;0.0111;;0.1;0.0039;F
a_533_F_NC_3;0.0111;0.0111;;0.1;0.0058;F
a_534_F_NC_3;0.0111;0.0111;;0.1;0.0023;F
a_535_F_NC_3;0.0111;0.0111;;1.0;0.0116;F
a_536_F_NC_3;0.0111;0.0111;;0.1;0.0039;F
a_537_F_NC_3;0.0111;0.0111;;1.0;0.0023;F
a_538_F_NC_3;0.0111;0.0111;;1.0;0.0023;F
a_539_F_NC_3;0.0111;0.0111;;1.0;0.0039;F
a_540_F_NC_3;0.0111;0.0111;;1.0;0.0058;F
a_541_F_NC_3;0.0111;0.0111;;0.1;0.0029;F
a_542_F_NC_3;0.0111;0.0111;;0.1;0.0116;F
a_543_F_NC_3;0.0111;0.0111;;0.1;0.0039;F
a_544_F_NC_3;0.0111;0.0111;;1.0;0.0023;F
a_545_F_NC_3;0.0111;0.0111;;1.0;0.0039;F
a_546_F_NC_3;0.0111;0.0111;;1.0;0.0058;F
a_547_F_NC_3;0.0111;0.0111;;1.0;0.0029;F
a_548_F_NC_3;0.0111;0.0111;;0.1;0.0029;F
a_549_F_NC_3;0.0111;0.0111;;0.1;0.0023;F
a_550_F_NC_3;0.0111;0.0111;;0.1;0.0029;F
a_551_F_NC_3;0.0111;0.0111;;0.1;0.0058;F
a_552_F_NC_3;0.0111;0.0111;;1.0;0.0039;F
a_553_F_NC_3;0.0111;0.0111;;1.0;0.0029;F
a_554_F_NC_3;0.0111;0.0111;;0.1;0.0058;F
a_555_F_NC_3;0.0111;0.0111;;0.1;0.0116;F
a_556_F_NC_3;0.0111;0.0111;;1.0;0.0039;F
a_557_F_NC_3;0.0111;0.0111;;1.0;0.0023;F
a_558_F_NC_3;0.0111;0.0111;;1.0;0.0039;F
a_559_F_NC_3;0.0111;0.0111;;1.0;0.0058;F
a_560_F_NC_3;0.0111;0.0111;;0.1;0.0039;F
a_561_F_NC_3;0.0111;0.0111;;0.1;0.0029;F
a_562_F_NC_3;0.0111;0.0111;;0.1;0.0023;F
a_563_F_NC_3;0.0111;0.0111;;1.0;0.0023;F
a_564_F_NC_3;0.0111;0.0111;;0.1;0.0058;F
a_565_S_C_5;0.0067;0.0067;31.0;0.1;0.0029;S
a_566_S_C_5;0.0067;0.0067;32.0;1.0;0.0116;S
a_567_S_C_5;0.0067;0.0067;32.0;1.0;0.0058;S
a_568_S_C_5;0.0067;0.0067;33.0;0.1;0.0058;S
a_569_S_C_5;0.0067;0.0067;33.0;0.1;0.0058;S
a_570_S_C_5;0.0067;0.0067;33.0;0.1;0.0029;S
a_571_S_C_5;0.0067;0.0067;33.0;1.0;0.0116;S
a_572_S_C_5;0.0067;0.0067;34.0;1.0;0.0058;S
a_573_S_C_5;0.0067;0.0067;34.0;1.0;0.0039;S
a_574_S_C_5;0.0067;0.0067;34.0;1.0;0.0023;S
a_575_S_C_5;0.0067;0.0067;34.0;0.1;0.0029;S
a_576_S_C_5;0.0067;0.0067;34.0;1.0;0.0058;S
a_577_S_C_5;0.0067;0.0067;34.0;0.1;0.0039;S
a_578_S_C_5;0.0067;0.0067;34.0;1.0;0.0116;S
a_579_S_C_5;0.0067;0.0067;34.0;1.0;0.0058;S
a_580_S_C_5;0.0067;0.0067;35.0;1.0;0.0058;S
a_581_S_C_5;0.0067;0.0067;35.0;0.1;0.0029;S
a_582_S_C_5;0.0067;0.0067;35.0;1.0;0.0039;S
a_583_S_C_5;0.0067;0.0067;35.0;0.1;0.0039;S
a_584_S_C_5;0.0067;0.0067;35.0;1.0;0.0116;S
a_585_S_C_5;0.0067;0.0067;35.0;1.0;0.0058;S
a_586_S_C_5;0.0067;0.0067;35.0;1.0;0.0029;S
a_587_S_C_5;0.0067;0.0067;35.0;1.0;0.0029;S
a_588_S_C_5;0.0067;0.0067;35.0;1.0;0.0023;S
a_589_S_C_5;0.0067;0.0067;35.0;0.1;0.0023;S
a_590_S_C_5;0.0067;0.0067;35.0;1.0;0.0023;S
a_591_S_C_5;0.0067;0.0067;35.0;0.1;0.0039;S
a_592_S_C_5;0.0067;0.0067;35.0;1.0;0.0029;S
a_593_S_C_5;0.0067;0.0067;35.0;0.1;0.0023;S
a_594_S_C_5;0.0067;0.0067;35.0;1.0;0.0029;S
a_595_S_C_5;0.0067;0.0067;35.0;1.0;0.0039;S
a_596_S_C_5;0.0067;0.0067;35.0;1.0;0.0023;S
a_597_S_C_5;0.0067;0.0067;35.0;1.0;0.0058;S
a_598_S_C_5;0.0067;0.0067;35.0;1.0;0.0039;S
a_599_S_C_5;0.0067;0.0067;35.0;0.1;0.0023;S
a_600_S_C_5;0.0067;0.0067;35.0;0.1;0.0023;S
a_601_S_C_5;0.0067;0.0067;35.0;1.0;0.0029;S
a_602_S_C_5;0.0067;0.0067;35.0;1.0;0.0039;S
a_603_S_C_5;0.0067;0.0067;35.0;0.1;0.0023;S
a_604_S_C_5;0.0067;0.0067;35.0;1.0;0.0023;S
a_605_S_C_5;0.0067;0.0067;35.0;1.0;0.0023;S
a_606_S_C_5;0.0067;0.0067;35.0;1.0;0.0029;S
a_607_S_C_5;0.0067;0.0067;35.0;1.0;0.0058;S
a_608_S_C_5;0.0067;0.0067;35.0;1.0;0.0023;S
a_609_S_C_5;0.0067;0.0067;35.0;1.0;0.0116;S
a_610_S_C_5;0.0067;0.0067;35.0;0.1;0.0116;S
a_611_S_C_5;0.0067;0.0067;35.0;0.1;0.0116;S
a_612_S_NC_5;0.0067;0.0067;;0.1;0.0058;S
a_613_S_NC_5;0.0067;0.0067;;1.0;0.0029;S
a_614_S_NC_5;0.0067;0.0067;;1.0;0.0023;S
a_615_S_NC_5;0.0067;0.0067;;0.1;0.0029;S
a_616_S_NC_5;0.0067;0.0067;;0.1;0.0023;S
a_617_S_NC_5;0.0067;0.0067;;1.0;0.0039;S
a_618_S_NC_5;0.0067;0.0067;;1.0;0.0029;S
a_619_S_NC_5;0.0067;0.0067;;1.0;0.0029;S
a_620_S_NC_5;0.0067;0.0067;;0.1;0.0029;S
a_621_S_NC_5;0.0067;0.0067;;1.0;0.0039;S
a_622_S_NC_5;0.0067;0.0067;;0.1;0.0039;S
a_623_S_NC_5;0.0067;0.0067;;0.1;0.0039;S
a_624_S_NC_5;0.0067;0.0067;;1.0;0.0039;S
a_625_S_NC_5;0.0067;0.0067;;0.1;0.0058;S
a_626_S_NC_5;0.0067;0.0067;;0.1;0.0058;S
a_627_S_NC_5;0.0067;0.0067;;1.0;0.0058;S
a_628_S_NC_5;0.0067;0.0067;;1.0;0.0116;S
a_629_S_NC_5;0.0067;0.0067;;1.0;0.0029;S
a_630_S_NC_5;0.0067;0.0067;;0.1;0.0116;S
a_631_S_NC_5;0.0067;0.0067;;1.0;0.0058;S
a_632_S_NC_5;0.0067;0.0067;;1.0;0.0029;S
a_633_S_NC_5;0.0067;0.0067;;1.0;0.0116;S
a_634_S_NC_5;0.0067;0.0067;;0.1;0.0029;S
a_635_S_NC_5;0.0067;0.0067;;1.0;0.0029;S
a_636_S_NC_5;0.0067;0.0067;;1.0;0.0039;S
a_637_S_NC_5;0.0067;0.0067;;0.1;0.0116;S
a_638_S_NC_5;0.0067;0.0067;;0.1;0.0023;S
a_639_S_NC_5;0.0067;0.0067;;1.0;0.0029;S
a_640_S_NC_5;0.0067;0.0067;;0.1;0.0058;S
a_641_S_NC_5;0.0067;0.0067;;0.1;0.0116;S
a_642_S_NC_5;0.0067;0.0067;;1.0;0.0029;S
a_643_S_NC_5;0.0067;0.0067;;1.0;0.0058;S
a_644_S_NC_5;0.0067;0.0067;;1.0;0.0029;S
a_645_S_NC_5;0.0067;0.0067;;1.0;0.0116;S
a_646_S_NC_5;0.0067;0.0067;;1.0;0.0058;S
a_647_S_NC_5;0.0067;0.0067;;1.0;0.0039;S
a_648_S_NC_5;0.0067;0.0067;;0.1;0.0039;S
a_649_S_NC_5;0.0067;0.0067;;0.1;0.0029;S
a_650_S_NC_5;0.0067;0.0067;;0.1;0.0058;S
a_651_S_NC_5;0.0067;0.0067;;0.1;0.0116;S
a_652_S_NC_5;0.0067;0.0067;;0.1;0.0023;S
a_653_S_NC_5;0.0067;0.0067;;1.0;0.0023;S
a_654_S_NC_5;0.0067;0.0067;;0.1;0.0058;S
a_655_S_NC_5;0.0067;0.0067;;0.1;0.0029;S
a_656_S_NC_5;0.0067;0.0067;;1.0;0.0116;S
a_657_S_NC_5;0.0067;0.0067;;1.0;0.0116;S
a_658_S_NC_5;0.0067;0.0067;;0.1;0.0116;S
a_659_F_C_5;0.0067;0.0067;36.0;0.1;0.0039;F
a_660_F_C_5;0.0067;0.0067;37.0;0.1;0.0058;F
a_661_F_C_5;0.0067;0.0067;37.0;0.1;0.0058;F
a_662_F_C_5;0.0067;0.0067;38.0;0.1;0.0116;F
a_663_F_C_5;0.0067;0.0067;38.0;0.1;0.0058;F
a_664_F_C_5;0.0067;0.0067;38.0;0.1;0.0116;F
a_665_F_C_5;0.0067;0.0067;38.0;1.0;0.0023;F
a_666_F_C_5;0.0067;0.0067;39.0;1.0;0.0116;F
a_667_F_C_5;0.0067;0.0067;39.0;0.1;0.0029;F
a_668_F_C_5;0.0067;0.0067;39.0;0.1;0.0058;F
a_669_F_C_5;0.0067;0.0067;39.0;1.0;0.0116;F
a_670_F_C_5;0.0067;0.0067;39.0;0.1;0.0039;F
a_671_F_C_5;0.0067;0.0067;39.0;1.0;0.0029;F
a_672_F_C_5;0.0067;0.0067;39.0;1.0;0.0116;F
a_673_F_C_5;0.0067;0.0067;39.0;0.1;0.0023;F
a_674_F_C_5;0.0067;0.0067;40.0;0.1;0.0023;F
a_675_F_C_5;0.0067;0.0067;40.0;0.1;0.0058;F
a_676_F_C_5;0.0067;0.0067;40.0;0.1;0.0058;F
a_677_F_C_5;0.0067;0.0067;40.0;1.0;0.0058;F
a_678_F_C_5;0.0067;0.0067;40.0;1.0;0.0029;F
a_679_F_C_5;0.0067;0.0067;40.0;1.0;0.0023;F
a_680_F_C_5;0.0067;0.0067;40.0;0.1;0.0116;F
a_681_F_C_5;0.0067;0.0067;40.0;1.0;0.0116;F
a_682_F_C_5;0.0067;0.0067;40.0;1.0;0.0023;F
a_683_F_C_5;0.0067;0.0067;40.0;0.1;0.0023;F
a_684_F_C_5;0.0067;0.0067;40.0;0.1;0.0058;F
a_685_F_C_5;0.0067;0.0067;40.0;1.0;0.0039;F
a_686_F_C_5;0.0067;0.0067;40.0;1.0;0.0029;F
a_687_F_C_5;0.0067;0.0067;40.0;0.1;0.0058;F
a_688_F_C_5;0.0067;0.0067;40.0;1.0;0.0029;F
a_689_F_C_5;0.0067;0.0067;40.0;0.1;0.0023;F
a_690_F_C_5;0.0067;0.0067;40.0;1.0;0.0039;F
a_691_F_C_5;0.0067;0.0067;40.0;1.0;0.0039;F
a_692_F_C_5;0.0067;0.0067;40.0;1.0;0.0023;F
a_693_F_C_5;0.0067;0.0067;40.0;0.1;0.0116;F
a_694_F_C_5;0.0067;0.0067;40.0;0.1;0.0058;F
a_695_F_C_5;0.0067;0.0067;40.0;0.1;0.0029;F
a_696_F_C_5;0.0067;0.0067;40.0;1.0;0.0029;F
a_697_F_C_5;0.0067;0.0067;40.0;1.0;0.0116;F
a_698_F_C_5;0.0067;0.0067;40.0;0.1;0.0058;F
a_699_F_C_5;0.0067;0.0067;40.0;1.0;0.0039;F
a_700_F_C_5;0.0067;0.0067;40.0;1.0;0.0023;F
a_701_F_C_5;0.0067;0.0067;40.0;1.0;0.0039;F
a_702_F_C_5;0.0067;0.0067;40.0;0.1;0.0029;F
a_703_F_C_5;0.0067;0.0067;40.0;1.0;0.0058;F
a_704_F_C_5;0.0067;0.0067;40.0;0.1;0.0058;F
a_705_F_C_5;0.0067;0.0067;40.0;0.1;0.0116;F
a_706_F_NC_5;0.0067;0.0067;;0.1;0.0116;F
a_707_F_NC_5;0.0067;0.0067;;1.0;0.0116;F
a_708_F_NC_5;0.0067;0.0067;;0.1;0.0116;F
a_709_F_NC_5;0.0067;0.0067;;0.1;0.0029;F
a_710_F_NC_5;0.0067;0.0067;;1.0;0.0058;F
a_711_F_NC_5;0.0067;0.0067;;0.1;0.0058;F
a_712_F_NC_5;0.0067;0.0067;;1.0;0.0116;F
a_713_F_NC_5;0.0067;0.0067;;1.0;0.0029;F
a_714_F_NC_5;0.0067;0.0067;;1.0;0.0023;F
a_715_F_NC_5;0.0067;0.0067;;0.1;0.0116;F
a_716_F_NC_5;0.0067;0.0067;;1.0;0.0023;F
a_717_F_NC_5;0.0067;0.0067;;0.1;0.0029;F
a_718_F_NC_5;0.0067;0.0067;;1.0;0.0039;F
a_719_F_NC_5;0.0067;0.0067;;1.0;0.0039;F
a_720_F_NC_5;0.0067;0.0067;;0.1;0.0039;F
a_721_F_NC_5;0.0067;0.0067;;0.1;0.0023;F
a_722_F_NC_5;0.0067;0.0067;;0.1;0.0058;F
a_723_F_NC_5;0.0067;0.0067;;1.0;0.0058;F
a_724_F_NC_5;0.0067;0.0067;;0.1;0.0116;F
a_725_F_NC_5;0.0067;0.0067;;1.0;0.0023;F
a_726_F_NC_5;0.0067;0.0067;;0.1;0.0029;F
a_727_F_NC_5;0.0067;0.0067;;0.1;0.0023;F
a_728_F_NC_5;0.0067;0.0067;;1.0;0.0023;F
a_729_F_NC_5;0.0067;0.0067;;0.1;0.0039;F
a_730_F_NC_5;0.0067;0.0067;;1.0;0.0039;F
a_731_F_NC_5;0.0067;0.0067;;0.1;0.0023;F
a_732_F_NC_5;0.0067;0.0067;;1.0;0.0058;F
a_733_F_NC_5;0.0067;0.0067;;0.1;0.0023;F
a_734_F_NC_5;0.0067;0.0067;;1.0;0.0116;F
a_735_F_NC_5;0.0067;0.0067;;1.0;0.0116;F
a_736_F_NC_5;0.0067;0.0067;;0.1;0.0058;F
a_737_F_NC_5;0.0067;0.0067;;1.0;0.0023;F
a_738_F_NC_5;0.0067;0.0067;;0.1;0.0039;F
a_739_F_NC_5;0.0067;0.0067;;1.0;0.0058;F
a_740_F_NC_5;0.0067;0.0067;;1.0;0.0023;F
a_741_F_NC_5;0.0067;0.0067;;1.0;0.0116;F
a_742_F_NC_5;0.0067;0.0067;;1.0;0.0029;F
a_743_F_NC_5;0.0067;0.0067;;1.0;0.0116;F
a_744_F_NC_5;0.0067;0.0067;;0.1;0.0039;F
a_745_F_NC_5;0.0067;0.0067;;0.1;0.0058;F
a_746_F_NC_5;0.0067;0.0067;;0.1;0.0116;F
a_747_F_NC_5;0.0067;0.0067;;1.0;0.0039;F
a_748_F_NC_5;0.0067;0.0067;;0.1;0.0116;F
a_749_F_NC_5;0.0067;0.0067;;1.0;0.0023;F
a_750_F_NC_5;0.0067;0.0067;;1.0;0.0023;F
a_751_F_NC_5;0.0067;0.0067;;1.0;0.0023;F
a_752_F_NC_5;0.0067;0.0067;;1.0;0.0039;F
a_753_S_C_12;0.0028;0.0028;41.0;1.0;0.0116;S
a_754_S_C_12;0.0028;0.0028;42.0;0.1;0.0116;S
a_755_S_C_12;0.0028;0.0028;42.0;1.0;0.0029;S
a_756_S_C_12;0.0028;0.0028;43.0;1.0;0.0023;S
a_757_S_C_12;0.0028;0.0028;43.0;0.1;0.0023;S
a_758_S_C_12;0.0028;0.0028;43.0;1.0;0.0023;S
a_759_S_C_12;0.0028;0.0028;43.0;1.0;0.0116;S
a_760_S_C_12;0.0028;0.0028;44.0;0.1;0.0029;S
a_761_S_C_12;0.0028;0.0028;44.0;0.1;0.0023;S
a_762_S_C_12;0.0028;0.0028;44.0;0.1;0.0058;S
a_763_S_C_12;0.0028;0.0028;44.0;0.1;0.0023;S
a_764_S_C_12;0.0028;0.0028;44.0;1.0;0.0039;S
a_765_S_C_12;0.0028;0.0028;44.0;1.0;0.0029;S
a_766_S_C_12;0.0028;0.0028;44.0;0.1;0.0116;S
a_767_S_C_12;0.0028;0.0028;44.0;1.0;0.0039;S
a_768_S_C_12;0.0028;0.0028;45.0;0.1;0.0029;S
a_769_S_C_12;0.0028;0.0028;45.0;0.1;0.0029;S
a_770_S_C_12;0.0028;0.0028;45.0;1.0;0.0116;S
a_771_S_C_12;0.0028;0.0028;45.0;1.0;0.0058;S
a_772_S_C_12;0.0028;0.0028;45.0;1.0;0.0029;S
a_773_S_C_12;0.0028;0.0028;45.0;0.1;0.0023;S
a_774_S_C_12;0.0028;0.0028;45.0;0.1;0.0023;S
a_775_S_C_12;0.0028;0.0028;45.0;1.0;0.0116;S
a_776_S_C_12;0.0028;0.0028;45.0;1.0;0.0116;S
a_777_S_C_12;0.0028;0.0028;45.0;0.1;0.0039;S
a_778_S_C_12;0.0028;0.0028;45.0;0.1;0.0058;S
a_779_S_C_12;0.0028;0.0028;45.0;1.0;0.0029;S
a_780_S_C_12;0.0028;0.0028;45.0;0.1;0.0039;S
a_781_S_C_12;0.0028;0.0028;45.0;1.0;0.0039;S
a_782_S_C_12;0.0028;0.0028;45.0;1.0;0.0023;S
a_783_S_C_12;0.0028;0.0028;45.0;1.0;0.0116;S
a_784_S_C_12;0.0028;0.0028;45.0;1.0;0.0058;S
a_785_S_C_12;0.0028;0.0028;45.0;1.0;0.0116;S
a_786_S_C_12;0.0028;0.0028;45.0;1.0;0.0058;S
a_787_S_C_12;0.0028;0.0028;45.0;0.1;0.0116;S
a_788_S_C_12;0.0028;0.0028;45.0;1.0;0.0039;S
a_789_S_C_12;0.0028;0.0028;45.0;1.0;0.0023;S
a_790_S_C_12;0.0028;0.0028;45.0;0.1;0.0039;S
a_791_S_C_12;0.0028;0.0028;45.0;0.1;0.0029;S
a_792_S_C_12;0.0028;0.0028;45.0;1.0;0.0029;S
a_793_S_C_12;0.0028;0.0028;45.0;1.0;0.0116;S
a_794_S_C_12;0.0028;0.0028;45.0;1.0;0.0029;S
a_795_S_C_12;0.0028;0.0028;45.0;1.0;0.0058;S
a_796_S_C_12;0.0028;0.0028;45.0;1.0;0.0029;S
a_797_S_C_12;0.0028;0.0028;45.0;0.1;0.0039;S
a_798_S_C_12;0.0028;0.0028;45.0;1.0;0.0029;S
a_799_S_C_12;0.0028;0.0028;45.0;0.1;0.0058;S
a_800_S_NC_12;0.0028;0.0028;;1.0;0.0039;S
a_801_S_NC_12;0.0028;0.0028;;1.0;0.0039;S
a_802_S_NC_12;0.0028;0.0028;;1.0;0.0023;S
a_803_S_NC_12;0.0028;0.0028;;1.0;0.0023;S
a_804_S_NC_12;0.0028;0.0028;;0.1;0.0058;S
a_805_S_NC_12;0.0028;0.0028;;1.0;0.0058;S
a_806_S_NC_12;0.0028;0.0028;;1.0;0.0023;S
a_807_S_NC_12;0.0028;0.0028;;0.1;0.0023;S
a_808_S_NC_12;0.0028;0.0028;;1.0;0.0023;S
a_809_S_NC_12;0.0028;0.0028;;1.0;0.0023;S
a_810_S_NC_12;0.0028;0.0028;;1.0;0.0023;S
a_811_S_NC_12;0.0028;0.0028;;1.0;0.0029;S
a_812_S_NC_12;0.0028;0.0028;;0.1;0.0029;S
a_813_S_NC_12;0.0028;0.0028;;1.0;0.0058;S
a_814_S_NC_12;0.0028;0.0028;;0.1;0.0116;S
a_815_S_NC_12;0.0028;0.0028;;0.1;0.0023;S
a_816_S_NC_12;0.0028;0.0028;;1.0;0.0023;S
a_817_S_NC_12;0.0028;0.0028;;0.1;0.0058;S
a_818_S_NC_12;0.0028;0.0028;;1.0;0.0058;S
a_819_S_NC_12;0.0028;0.0028;;0.1;0.0058;S
a_820_S_NC_12;0.0028;0.0028;;1.0;0.0039;S
a_821_S_NC_12;0.0028;0.0028;;0.1;0.0116;S
a_822_S_NC_12;0.0028;0.0028;;0.1;0.0023;S
a_823_S_NC_12;0.0028;0.0028;;0.1;0.0023;S
a_824_S_NC_12;0.0028;0.0028;;1.0;0.0029;S
a_825_S_NC_12;0.0028;0.0028;;0.1;0.0023;S
a_826_S_NC_12;0.0028;0.0028;;0.1;0.0116;S
a_827_S_NC_12;0.0028;0.0028;;1.0;0.0039;S
a_828_S_NC_12;0.0028;0.0028;;0.1;0.0058;S
a_829_S_NC_12;0.0028;0.0028;;0.1;0.0039;S
a_830_S_NC_12;0.0028;0.0028;;0.1;0.0039;S
a_831_S_NC_12;0.0028;0.0028;;1.0;0.0058;S
a_832_S_NC_12;0.0028;0.0028;;1.0;0.0029;S
a_833_S_NC_12;0.0028;0.0028;;1.0;0.0058;S
a_834_S_NC_12;0.0028;0.0028;;0.1;0.0116;S
a_835_S_NC_12;0.0028;0.0028;;1.0;0.0039;S
a_836_S_NC_12;0.0028;0.0028;;1.0;0.0058;S
a_837_S_NC_12;0.0028;0.0028;;1.0;0.0039;S
a_838_S_NC_12;0.0028;0.0028;;1.0;0.0039;S
a_839_S_NC_12;0.0028;0.0028;;1.0;0.0023;S
a_840_S_NC_12;0.0028;0.0028;;0.1;0.0058;S
a_841_S_NC_12;0.0028;0.0028;;0.1;0.0116;S
a_842_S_NC_12;0.0028;0.0028;;1.0;0.0029;S
a_843_S_NC_12;0.0028;0.0028;;1.0;0.0039;S
a_844_S_NC_12;0.0028;0.0028;;0.1;0.0023;S
a_845_S_NC_12;0.0028;0.0028;;1.0;0.0058;S
a_846_S_NC_12;0.0028;0.0028;;1.0;0.0039;S
a_847_F_C_12;0.0028;0.0028;46.0;0.1;0.0039;F
a_848_F_C_12;0.0028;0.0028;47.0;0.1;0.0058;F
a_849_F_C_12;0.0028;0.0028;47.0;0.1;0.0023;F
a_850_F_C_12;0.0028;0.0028;48.0;1.0;0.0039;F
a_851_F_C_12;0.0028;0.0028;48.0;0.1;0.0029;F
a_852_F_C_12;0.0028;0.0028;48.0;1.0;0.0058;F
a_853_F_C_12;0.0028;0.0028;48.0;0.1;0.0116;F
a_854_F_C_12;0.0028;0.0028;49.0;0.1;0.0058;F
a_855_F_C_12;0.0028;0.0028;49.0;1.0;0.0039;F
a_856_F_C_12;0.0028;0.0028;49.0;1.0;0.0023;F
a_857_F_C_12;0.0028;0.0028;49.0;1.0;0.0029;F
a_858_F_C_12;0.0028;0.0028;49.0;0.1;0.0058;F
a_859_F_C_12;0.0028;0.0028;49.0;1.0;0.0116;F
a_860_F_C_12;0.0028;0.0028;49.0;1.0;0.0029;F
a_861_F_C_12;0.0028;0.0028;49.0;0.1;0.0029;F
a_862_F_C_12;0.0028;0.0028;50.0;1.0;0.0023;F
a_863_F_C_12;0.0028;0.0028;50.0;1.0;0.0023;F
a_864_F_C_12;0.0028;0.0028;50.0;1.0;0.0058;F
a_865_F_C_12;0.0028;0.0028;50.0;1.0;0.0116;F
a_866_F_C_12;0.0028;0.0028;50.0;0.1;0.0058;F
a_867_F_C_12;0.0028;0.0028;50.0;0.1;0.0116;F
a_868_F_C_12;0.0028;0.0028;50.0;1.0;0.0058;F
a_869_F_C_12;0.0028;0.0028;50.0;1.0;0.0023;F
a_870_F_C_12;0.0028;0.0028;50.0;0.1;0.0023;F
a_871_F_C_12;0.0028;0.0028;50.0;1.0;0.0023;F
a_872_F_C_12;0.0028;0.0028;50.0;0.1;0.0029;F
a_873_F_C_12;0.0028;0.0028;50.0;1.0;0.0023;F
a_874_F_C_12;0.0028;0.0028;50.0;1.0;0.0039;F
a_875_F_C_12;0.0028;0.0028;50.0;0.1;0.0023;F
a_876_F_C_12;0.0028;0.0028;50.0;0.1;0.0029;F
a_877_F_C_12;0.0028;0.0028;50.0;0.1;0.0058;F
a_878_F_C_12;0.0028;0.0028;50.0;0.1;0.0029;F
a_879_F_C_12;0.0028;0.0028;50.0;0.1;0.0023;F
a_880_F_C_12;0.0028;0.0028;50.0;0.1;0.0058;F
a_881_F_C_12;0.0028;0.0028;50.0;1.0;0.0039;F
a_882_F_C_12;0.0028;0.0028;50.0;0.1;0.0116;F
a_883_F_C_12;0.0028;0.0028;50.0;0.1;0.0029;F
a_884_F_C_12;0.0028;0.0028;50.0;0.1;0.0116;F
a_885_F_C_12;0.0028;0.0028;50.0;1.0;0.0058;F
a_886_F_C_12;0.0028;0.0028;50.0;0.1;0.0116;F
a_887_F_C_12;0.0028;0.0028;50.0;0.1;0.0058;F
a_888_F_C_12;0.0028;0.0028;50.0;1.0;0.0058;F
a_889_F_C_12;0.0028;0.0028;50.0;0.1;0.0116;F
a_890_F_C_12;0.0028;0.0028;50.0;0.1;0.0039;F
a_891_F_C_12;0.0028;0.0028;50.0;0.1;0.0039;F
a_892_F_C_12;0.0028;0.0028;50.0;0.1;0.0039;F
a_893_F_C_12;0.0028;0.0028;50.0;0.1;0.0116;F
a_894_F_NC_12;0.0028;0.0028;;1.0;0.0039;F
a_895_F_NC_12;0.0028;0.0028;;0.1;0.0029;F
a_896_F_NC_12;0.0028;0.0028;;1.0;0.0058;F
a_897_F_NC_12;0.0028;0.0028;;0.1;0.0029;F
a_898_F_NC_12;0.0028;0.0028;;0.1;0.0029;F
a_899_F_NC_12;0.0028;0.0028;;0.1;0.0058;F
a_900_F_NC_12;0.0028;0.0028;;0.1;0.0116;F
a_901_F_NC_12;0.0028;0.0028;;1.0;0.0029;F
a_902_F_NC_12;0.0028;0.0028;;1.0;0.0058;F
a_903_F_NC_12;0.0028;0.0028;;1.0;0.0023;F
a_904_F_NC_12;0.0028;0.0028;;0.1;0.0116;F
a_905_F_NC_12;0.0028;0.0028;;1.0;0.0023;F
a_906_F_NC_12;0.0028;0.0028;;1.0;0.0058;F
a_907_F_NC_12;0.0028;0.0028;;1.0;0.0029;F
a_908_F_NC_12;0.0028;0.0028;;1.0;0.0116;F
a_909_F_NC_12;0.0028;0.0028;;0.1;0.0116;F
a_910_F_NC_12;0.0028;0.0028;;1.0;0.0023;F
a_911_F_NC_12;0.0028;0.0028;;1.0;0.0116;F
a_912_F_NC_12;0.0028;0.0028;;0.1;0.0029;F
a_913_F_NC_12;0.0028;0.0028;;0.1;0.0029;F
a_914_F_NC_12;0.0028;0.0028;;1.0;0.0023;F
a_915_F_NC_12;0.0028;0.0028;;0.1;0.0058;F
a_916_F_NC_12;0.0028;0.0028;;1.0;0.0029;F
a_917_F_NC_12;0.0028;0.0028;;0.1;0.0029;F
a_918_F_NC_12;0.0028;0.0028;;1.0;0.0058;F
a_919_F_NC_12;0.0028;0.0028;;0.1;0.0058;F
a_920_F_NC_12;0.0028;0.0028;;1.0;0.0058;F
a_921_F_NC_12;0.0028;0.0028;;0.1;0.0116;F
a_922_F_NC_12;0.0028;0.0028;;0.1;0.0058;F
a_923_F_NC_12;0.0028;0.0028;;1.0;0.0116;F
a_924_F_NC_12;0.0028;0.0028;;0.1;0.0029;F
a_925_F_NC_12;0.0028;0.0028;;1.0;0.0029;F
a_926_F_NC_12;0.0028;0.0028;;0.1;0.0116;F
a_927_F_NC_12;0.0028;0.0028;;0.1;0.0116;F
a_928_F_NC_12;0.0028;0.0028;;1.0;0.0058;F
a_929_F_NC_12;0.0028;0.0028;;1.0;0.0116;F
a_930_F_NC_12;0.0028;0.0028;;0.1;0.0039;F
a_931_F_NC_12;0.0028;0.0028;;1.0;0.0029;F
a_932_F_NC_12;0.0028;0.0028;;0.1;0.0029;F
a_933_F_NC_12;0.0028;0.0028;;1.0;0.0039;F
a_934_F_NC_12;0.0028;0.0028;;0.1;0.0039;F
a_935_F_NC_12;0.0028;0.0028;;1.0;0.0039;F
a_936_F_NC_12;0.0028;0.0028;;1.0;0.0029;F
a_937_F_NC_12;0.0028;0.0028;;0.1;0.0058;F
a_938_F_NC_12;0.0028;0.0028;;1.0;0.0058;F
a_939_F_NC_12;0.0028;0.0028;;1.0;0.0116;F
a_940_F_NC_12;0.0028;0.0028;;0.1;0.0023;F
a_941_S_C_24;0.0014;0.0014;51.0;0.1;0.0116;S
a_942_S_C_24;0.0014;0.0014;52.0;1.0;0.0039;S
a_943_S_C_24;0.0014;0.0014;52.0;1.0;0.0058;S
a_944_S_C_24;0.0014;0.0014;53.0;1.0;0.0058;S
a_945_S_C_24;0.0014;0.0014;53.0;1.0;0.0116;S
a_946_S_C_24;0.0014;0.0014;53.0;1.0;0.0029;S
a_947_S_C_24;0.0014;0.0014;53.0;1.0;0.0039;S
a_948_S_C_24;0.0014;0.0014;54.0;1.0;0.0058;S
a_949_S_C_24;0.0014;0.0014;54.0;1.0;0.0058;S
a_950_S_C_24;0.0014;0.0014;54.0;0.1;0.0039;S
a_951_S_C_24;0.0014;0.0014;54.0;1.0;0.0039;S
a_952_S_C_24;0.0014;0.0014;54.0;1.0;0.0029;S
a_953_S_C_24;0.0014;0.0014;54.0;1.0;0.0023;S
a_954_S_C_24;0.0014;0.0014;54.0;0.1;0.0029;S
a_955_S_C_24;0.0014;0.0014;54.0;1.0;0.0058;S
a_956_S_C_24;0.0014;0.0014;55.0;1.0;0.0029;S
a_957_S_C_24;0.0014;0.0014;55.0;0.1;0.0116;S
a_958_S_C_24;0.0014;0.0014;55.0;1.0;0.0029;S
a_959_S_C_24;0.0014;0.0014;55.0;0.1;0.0029;S
a_960_S_C_24;0.0014;0.0014;55.0;0.1;0.0116;S
a_961_S_C_24;0.0014;0.0014;55.0;1.0;0.0023;S
a_962_S_C_24;0.0014;0.0014;55.0;0.1;0.0116;S
a_963_S_C_24;0.0014;0.0014;55.0;1.0;0.0116;S
a_964_S_C_24;0.0014;0.0014;55.0;0.1;0.0039;S
a_965_S_C_24;0.0014;0.0014;55.0;0.1;0.0039;S
a_966_S_C_24;0.0014;0.0014;55.0;1.0;0.0029;S
a_967_S_C_24;0.0014;0.0014;55.0;1.0;0.0029;S
a_968_S_C_24;0.0014;0.0014;55.0;0.1;0.0058;S
a_969_S_C_24;0.0014;0.0014;55.0;1.0;0.0039;S
a_970_S_C_24;0.0014;0.0014;55.0;0.1;0.0029;S
a_971_S_C_24;0.0014;0.0014;55.0;0.1;0.0058;S
a_972_S_C_24;0.0014;0.0014;55.0;0.1;0.0058;S
a_973_S_C_24;0.0014;0.0014;55.0;1.0;0.0116;S
a_974_S_C_24;0.0014;0.0014;55.0;0.1;0.0058;S
a_975_S_C_24;0.0014;0.0014;55.0;0.1;0.0029;S
a_976_S_C_24;0.0014;0.0014;55.0;1.0;0.0039;S
a_977_S_C_24;0.0014;0.0014;55.0;1.0;0.0029;S
a_978_S_C_24;0.0014;0.0014;55.0;0.1;0.0058;S
a_979_S_C_24;0.0014;0.0014;55.0;0.1;0.0023;S
a_980_S_C_24;0.0014;0.0014;55.0;0.1;0.0029;S
a_981_S_C_24;0.0014;0.0014;55.0;1.0;0.0039;S
a_982_S_C_24;0.0014;0.0014;55.0;0.1;0.0058;S
a_983_S_C_24;0.0014;0.0014;55.0;1.0;0.0023;S
a_984_S_C_24;0.0014;0.0014;55.0;0.1;0.0058;S
a_985_S_C_24;0.0014;0.0014;55.0;1.0;0.0116;S
a_986_S_C_24;0.0014;0.0014;55.0;1.0;0.0039;S
a_987_S_C_24;0.0014;0.0014;55.0;0.1;0.0023;S
a_988_S_NC_24;0.0014;0.0014;;0.1;0.0029;S
a_989_S_NC_24;0.0014;0.0014;;0.1;0.0023;S
a_990_S_NC_24;0.0014;0.0014;;0.1;0.0116;S
a_991_S_NC_24;0.0014;0.0014;;0.1;0.0058;S
a_992_S_NC_24;0.0014;0.0014;;0.1;0.0116;S
a_993_S_NC_24;0.0014;0.0014;;1.0;0.0116;S
a_994_S_NC_24;0.0014;0.0014;;0.1;0.0023;S
a_995_S_NC_24;0.0014;0.0014;;0.1;0.0058;S
a_996_S_NC_24;0.0014;0.0014;;1.0;0.0039;S
a_997_S_NC_24;0.0014;0.0014;;1.0;0.0023;S
a_998_S_NC_24;0.0014;0.0014;;1.0;0.0023;S
a_999_S_NC_24;0.0014;0.0014;;0.1;0.0058;S
a_1000_S_NC_24;0.0014;0.0014;;1.0;0.0023;S
a_1001_S_NC_24;0.0014;0.0014;;1.0;0.0058;S
a_1002_S_NC_24;0.0014;0.0014;;0.1;0.0058;S
a_1003_S_NC_24;0.0014;0.0014;;1.0;0.0058;S
a_1004_S_NC_24;0.0014;0.0014;;1.0;0.0116;S
a_1005_S_NC_24;0.0014;0.0014;;1.0;0.0023;S
a_1006_S_NC_24;0.0014;0.0014;;1.0;0.0029;S
a_1007_S_NC_24;0.0014;0.0014;;1.0;0.0058;S
a_1008_S_NC_24;0.0014;0.0014;;0.1;0.0039;S
a_1009_S_NC_24;0.0014;0.0014;;1.0;0.0039;S
a_1010_S_NC_24;0.0014;0.0014;;0.1;0.0029;S
a_1011_S_NC_24;0.0014;0.0014;;1.0;0.0039;S
a_1012_S_NC_24;0.0014;0.0014;;1.0;0.0058;S
a_1013_S_NC_24;0.0014;0.0014;;1.0;0.0116;S
a_1014_S_NC_24;0.0014;0.0014;;1.0;0.0039;S
a_1015_S_NC_24;0.0014;0.0014;;1.0;0.0058;S
a_1016_S_NC_24;0.0014;0.0014;;0.1;0.0039;S
a_1017_S_NC_24;0.0014;0.0014;;1.0;0.0039;S
a_1018_S_NC_24;0.0014;0.0014;;1.0;0.0039;S
a_1019_S_NC_24;0.0014;0.0014;;1.0;0.0039;S
a_1020_S_NC_24;0.0014;0.0014;;1.0;0.0029;S
a_1021_S_NC_24;0.0014;0.0014;;1.0;0.0023;S
a_1022_S_NC_24;0.0014;0.0014;;1.0;0.0023;S
a_1023_S_NC_24;0.0014;0.0014;;1.0;0.0023;S
a_1024_S_NC_24;0.0014;0.0014;;0.1;0.0039;S
a_1025_S_NC_24;0.0014;0.0014;;1.0;0.0023;S
a_1026_S_NC_24;0.0014;0.0014;;1.0;0.0023;S
a_1027_S_NC_24;0.0014;0.0014;;0.1;0.0039;S
a_1028_S_NC_24;0.0014;0.0014;;0.1;0.0058;S
a_1029_S_NC_24;0.0014;0.0014;;1.0;0.0023;S
a_1030_S_NC_24;0.0014;0.0014;;0.1;0.0023;S
a_1031_S_NC_24;0.0014;0.0014;;0.1;0.0058;S
a_1032_S_NC_24;0.0014;0.0014;;0.1;0.0058;S
a_1033_S_NC_24;0.0014;0.0014;;1.0;0.0058;S
a_1034_S_NC_24;0.0014;0.0014;;1.0;0.0116;S
a_1035_F_C_24;0.0014;0.0014;56.0;0.1;0.0023;F
a_1036_F_C_24;0.0014;0.0014;57.0;1.0;0.0023;F
a_1037_F_C_24;0.0014;0.0014;57.0;0.1;0.0116;F
a_1038_F_C_24;0.0014;0.0014;58.0;1.0;0.0058;F
a_1039_F_C_24;0.0014;0.0014;58.0;1.0;0.0029;F
a_1040_F_C_24;0.0014;0.0014;58.0;1.0;0.0023;F
a_1041_F_C_24;0.0014;0.0014;58.0;0.1;0.0116;F
a_1042_F_C_24;0.0014;0.0014;59.0;0.1;0.0116;F
a_1043_F_C_24;0.0014;0.0014;59.0;0.1;0.0029;F
a_1044_F_C_24;0.0014;0.0014;59.0;1.0;0.0116;F
a_1045_F_C_24;0.0014;0.0014;59.0;1.0;0.0039;F
a_1046_F_C_24;0.0014;0.0014;59.0;0.1;0.0039;F
a_1047_F_C_24;0.0014;0.0014;59.0;1.0;0.0023;F
a_1048_F_C_24;0.0014;0.0014;59.0;1.0;0.0058;F
a_1049_F_C_24;0.0014;0.0014;59.0;1.0;0.0023;F
a_1050_F_C_24;0.0014;0.0014;60.0;0.1;0.0023;F
a_1051_F_C_24;0.0014;0.0014;60.0;1.0;0.0116;F
a_1052_F_C_24;0.0014;0.0014;60.0;1.0;0.0023;F
a_1053_F_C_24;0.0014;0.0014;60.0;1.0;0.0029;F
a_1054_F_C_24;0.0014;0.0014;60.0;0.1;0.0039;F
a_1055_F_C_24;0.0014;0.0014;60.0;0.1;0.0023;F
a_1056_F_C_24;0.0014;0.0014;60.0;0.1;0.0029;F
a_1057_F_C_24;0.0014;0.0014;60.0;0.1;0.0039;F
a_1058_F_C_24;0.0014;0.0014;60.0;1.0;0.0023;F
a_1059_F_C_24;0.0014;0.0014;60.0;0.1;0.0023;F
a_1060_F_C_24;0.0014;0.0014;60.0;0.1;0.0116;F
a_1061_F_C_24;0.0014;0.0014;60.0;0.1;0.0029;F
a_1062_F_C_24;0.0014;0.0014;60.0;0.1;0.0029;F
a_1063_F_C_24;0.0014;0.0014;60.0;0.1;0.0029;F
a_1064_F_C_24;0.0014;0.0014;60.0;0.1;0.0116;F
a_1065_F_C_24;0.0014;0.0014;60.0;0.1;0.0039;F
a_1066_F_C_24;0.0014;0.0014;60.0;0.1;0.0029;F
a_1067_F_C_24;0.0014;0.0014;60.0;0.1;0.0029;F
a_1068_F_C_24;0.0014;0.0014;60.0;1.0;0.0029;F
a_1069_F_C_24;0.0014;0.0014;60.0;1.0;0.0029;F
a_1070_F_C_24;0.0014;0.0014;60.0;0.1;0.0039;F
a_1071_F_C_24;0.0014;0.0014;60.0;1.0;0.0023;F
a_1072_F_C_24;0.0014;0.0014;60.0;1.0;0.0023;F
a_1073_F_C_24;0.0014;0.0014;60.0;1.0;0.0058;F
a_1074_F_C_24;0.0014;0.0014;60.0;1.0;0.0116;F
a_1075_F_C_24;0.0014;0.0014;60.0;1.0;0.0029;F
a_1076_F_C_24;0.0014;0.0014;60.0;0.1;0.0039;F
a_1077_F_C_24;0.0014;0.0014;60.0;1.0;0.0039;F
a_1078_F_C_24;0.0014;0.0014;60.0;1.0;0.0058;F
a_1079_F_C_24;0.0014;0.0014;60.0;0.1;0.0058;F
a_1080_F_C_24;0.0014;0.0014;60.0;0.1;0.0023;F
a_1081_F_C_24;0.0014;0.0014;60.0;0.1;0.0029;F
a_1082_F_NC_24;0.0014;0.0014;;0.1;0.0023;F
a_1083_F_NC_24;0.0014;0.0014;;0.1;0.0116;F
a_1084_F_NC_24;0.0014;0.0014;;0.1;0.0058;F
a_1085_F_NC_24;0.0014;0.0014;;1.0;0.0116;F
a_1086_F_NC_24;0.0014;0.0014;;0.1;0.0039;F
a_1087_F_NC_24;0.0014;0.0014;;1.0;0.0058;F
a_1088_F_NC_24;0.0014;0.0014;;0.1;0.0116;F
a_1089_F_NC_24;0.0014;0.0014;;1.0;0.0116;F
a_1090_F_NC_24;0.0014;0.0014;;1.0;0.0029;F
a_1091_F_NC_24;0.0014;0.0014;;1.0;0.0116;F
a_1092_F_NC_24;0.0014;0.0014;;1.0;0.0029;F
a_1093_F_NC_24;0.0014;0.0014;;1.0;0.0023;F
a_1094_F_NC_24;0.0014;0.0014;;0.1;0.0023;F
a_1095_F_NC_24;0.0014;0.0014;;1.0;0.0039;F
a_1096_F_NC_24;0.0014;0.0014;;1.0;0.0029;F
a_1097_F_NC_24;0.0014;0.0014;;0.1;0.0023;F
a_1098_F_NC_24;0.0014;0.0014;;0.1;0.0029;F
a_1099_F_NC_24;0.0014;0.0014;;0.1;0.0116;F
a_1100_F_NC_24;0.0014;0.0014;;0.1;0.0116;F
a_1101_F_NC_24;0.0014;0.0014;;1.0;0.0058;F
a_1102_F_NC_24;0.0014;0.0014;;0.1;0.0023;F
a_1103_F_NC_24;0.0014;0.0014;;0.1;0.0029;F
a_1104_F_NC_24;0.0014;0.0014;;1.0;0.0023;F
a_1105_F_NC_24;0.0014;0.0014;;0.1;0.0039;F
a_1106_F_NC_24;0.0014;0.0014;;1.0;0.0039;F
a_1107_F_NC_24;0.0014;0.0014;;0.1;0.0116;F
a_1108_F_NC_24;0.0014;0.0014;;0.1;0.0023;F
a_1109_F_NC_24;0.0014;0.0014;;0.1;0.0039;F
a_1110_F_NC_24;0.0014;0.0014;;0.1;0.0039;F
a_1111_F_NC_24;0.0014;0.0014;;1.0;0.0029;F
a_1112_F_NC_24;0.0014;0.0014;;1.0;0.0023;F
a_1113_F_NC_24;0.0014;0.0014;;0.1;0.0029;F
a_1114_F_NC_24;0.0014;0.0014;;0.1;0.0116;F
a_1115_F_NC_24;0.0014;0.0014;;0.1;0.0116;F
a_1116_F_NC_24;0.0014;0.0014;;0.1;0.0039;F
a_1117_F_NC_24;0.0014;0.0014;;0.1;0.0029;F
a_1118_F_NC_24;0.0014;0.0014;;1.0;0.0116;F
a_1119_F_NC_24;0.0014;0.0014;;1.0;0.0116;F
a_1120_F_NC_24;0.0014;0.0014;;0.1;0.0029;F
a_1121_F_NC_24;0.0014;0.0014;;1.0;0.0039;F
a_1122_F_NC_24;0.0014;0.0014;;1.0;0.0029;F
a_1123_F_NC_24;0.0014;0.0014;;1.0;0.0039;F
a_1124_F_NC_24;0.0014;0.0014;;1.0;0.0023;F
a_1125_F_NC_24;0.0014;0.0014;;1.0;0.0039;F
a_1126_F_NC_24;0.0014;0.0014;;1.0;0.0023;F
a_1127_F_NC_24;0.0014;0.0014;;1.0;0.0023;F
a_1128_F_NC_24;0.0014;0.0014;;1.0;0.0116;F
